id;cin;tax_id;sid;business_name;city;street;zip;established_on;terminated_on;consolidated;data_source;last_updated_on
1;mobile Fish;Home Loan Account Table Computer;Trace;Savings Account alarm;North Wainochester;Coy Street;Chips;2019-11-15T18:16:47;2019-11-15T07:51:43;false;Albania web-readiness;2019-11-15T15:41:31
2;Investment Account Steel;Coordinator;Common;Savings Account syndicate Planner;North Ryleigh;Cecile Place;Small Frozen Sausages Planner;2019-11-15T03:16:48;2019-11-15T13:25:53;false;Intelligent;2019-11-15T06:15:36
3;infomediaries;Investment Account;Games Regional Digitized;copy convergence;South Kenyattaville;Ronny Burgs;Views e-enable Communications;2019-11-15T05:13:37;2019-11-15T00:33:24;false;Georgia;2019-11-15T10:10:53
4;Tactics;scale interactive generating;Specialist Home Loan Account;Plastic;Cummerataton;Henri Bridge;reinvent 24 hour Jewelery;2019-11-15T17:54:33;2019-11-15T05:43:01;true;1080p Checking Account Identity;2019-11-15T07:03:21
5;Internal;Investment Account archive Fantastic Plastic Chicken;payment;withdrawal COM;West Blake;Rosie Walk;hard drive Robust Networked;2019-11-15T21:42:40;2019-11-15T10:08:09;true;Small partnerships;2019-11-15T17:50:25
6;Dynamic;knowledge base Buckinghamshire;Concrete Investment Account Saint Lucia;User-centric;New Effiechester;Toby Divide;virtual deposit;2019-11-15T01:46:00;2019-11-15T11:43:29;true;maroon;2019-11-15T01:15:37
7;Ghana back-end National;Direct;Profit-focused;Jewelery cutting-edge;North Casimir;Hayley Mission;magenta Concrete;2019-11-15T14:34:43;2019-11-15T16:49:21;true;conglomeration;2019-11-15T10:13:50
8;Kenyan Shilling robust;Versatile Exclusive Moroccan Dirham;capability zero tolerance Computers;Analyst paradigms;East Ewellside;Parisian Point;Lebanon;2019-11-15T11:56:05;2019-11-14T23:01:34;true;Credit Card Account;2019-11-15T20:44:27
9;24/7 Re-contextualized cross-platform;invoice withdrawal;bypassing optical;installation;New Alizehaven;Pagac Path;Clothing;2019-11-15T10:23:29;2019-11-15T03:15:13;false;deposit Sausages;2019-11-15T06:05:57
10;synthesize Creative;Forint;Concrete Global SMS;Profound;Lake Willismouth;Devin Motorway;Executive;2019-11-14T23:30:42;2019-11-15T01:08:54;true;THX pink even-keeled;2019-11-15T05:52:23
