id;business_name;type;fund_name;lei_code;period_from;period_to;filling_date;preparation_to_date;data_accessibility;data_source;last_updated_on
1;workforce;Analyst deposit;whiteboard;Practical Steel Mouse;indexing;XSS;2019-11-15T05:13:47;2019-11-15T12:42:00;navigating Money Market Account array;Analyst Awesome Fresh Hat New Jersey;2019-11-15T12:09:18
2;interface;Auto Loan Account Personal Loan Account;systems zero tolerance Iowa;sticky benchmark Point;program Soft interface;Savings Account deposit redefine;2019-11-15T10:22:45;2019-11-15T18:20:18;SDD Berkshire;Refined;2019-11-15T12:57:41
3;Home Loan Account Louisiana;Checking Account Tuna;toolset incentivize;deposit matrices quantify;redefine;Ford;2019-11-15T17:01:00;2019-11-15T01:28:22;initiatives;Jordan;2019-11-15T14:35:37
4;hacking content Persevering;Assurance De-engineered;Shirt Kids;open-source Kuwait optical;online Utah COM;Botswana;2019-11-15T21:51:40;2019-11-15T16:12:28;Rustic Granite Bike Program Generic Wooden Bike;Sausages Incredible;2019-11-15T20:12:08
5;Arizona Congolese Franc;Architect Developer;Automotive;invoice;Minnesota Open-architected Lebanon;Tugrik Wooden;2019-11-15T21:57:44;2019-11-15T19:29:48;Metal;lime Chilean Peso Unidades de fomento Officer;2019-11-15T20:25:41
6;Swiss Franc communities XSS;Quality-focused;parsing Identity;Health Polarised transmitting;Rhode Island Music Data;Dynamic Savings Account Branding;2019-11-15T02:50:16;2019-11-15T13:13:45;payment Incredible deposit;Checking Account utilisation AI;2019-11-14T22:50:31
7;transmit Awesome optimal;THX;copy Dynamic;solid state program;help-desk SAS embrace;Nigeria;2019-11-15T22:32:37;2019-11-15T14:48:02;withdrawal;mesh Iceland Krona;2019-11-15T13:21:23
8;Pine Optimized;eyeballs Movies;Savings Account Pakistan Rupee;connect Berkshire;XSS Suriname;Lead cross-platform;2019-11-15T20:04:04;2019-11-15T13:33:26;synthesize;Operative Place;2019-11-15T13:13:01
9;Slovenia synthesize capacitor;Sports violet;Dynamic;Principal;invoice;Intelligent Frozen Shoes mission-critical;2019-11-15T20:14:51;2019-11-15T18:41:23;Money Market Account Fiji;system engine haptic Moldova;2019-11-15T15:12:37
10;Credit Card Account;morph Administrator bypassing;Computer Dong;haptic;card;multi-byte;2019-11-15T18:14:11;2019-11-15T16:31:27;Group Avon neural;integrate New Caledonia;2019-11-15T19:59:11
