id;name;mime_type;size;pages;digest;language_code
1;Kids invoice Cambridgeshire;Secured olive;61098;17477;next-generation Human;efficient Exclusive virtual
2;transmitter;bandwidth Trinidad and Tobago Dollar Licensed;62385;14970;interfaces Mouse;bus
3;Field Bermuda Chair;deposit;60709;20618;deposit Integrated;Checking Account Avon
4;bi-directional Credit Card Account Kenyan Shilling;content monitor;69243;1582;innovative bypassing Credit Card Account;Virginia reciprocal
5;asymmetric;Investor maroon;32337;36695;viral;Practical Granite Bacon Handcrafted Soft Car
6;payment;HDD;65087;68013;Function-based Highway;Aruban Guilder
7;reintermediate efficient Producer;Hill Awesome Rubber Computer;95762;96166;payment;mint green Indonesia Practical
8;synthesizing Garden;invoice;79544;47488;enhance Cotton Liaison;Producer
9;generate Switchable Kyat;Money Market Account;8912;78790;RAM Auto Loan Account Buckinghamshire;protocol
10;Plastic;encompassing;36013;38090;plug-and-play;Lithuania
